 表一  各縣市人口數按性別及五歲年齡組分 ,,,,,,,,,,,,,,, 表一  各縣市人口數按性別及五歲年齡組分 ,,,,,,,,,,,,,
,,,,,, 中華民國102年底 ,,,,,,,,,,,,,, 中華民國102年底 ,,,,,,,,   單位：人 
 區 域 別 , 性別 , 總     計 , 0 ,,, 1～4 ,,, 5～9 , 10～14 , 15～19 , 20～24 , 25～29 , 30～34 , 35～39 , 40～44 , 45～49 , 50～54 , 55～59 , 60～64 , 65～69 , 70～74 , 75～79 , 80～84 , 85～89 , 90～94 , 95～99 , 100+ 
,,,, 小  計 , 1 , 2 , 3 , 4 ,,,,,,,,,,,,,,,,,,,,
, 計 ," 23,373,517 "," 183,744 "," 803,207 "," 237,295 "," 201,101 "," 169,350 "," 195,461 "," 1,039,973 "," 1,319,677 "," 1,556,952 "," 1,601,542 "," 1,650,491 "," 2,014,190 "," 1,924,082 "," 1,815,671 "," 1,856,314 "," 1,863,764 "," 1,675,557 "," 1,373,947 "," 792,163 "," 696,464 "," 523,185 "," 380,160 "," 213,004 "," 71,974 "," 14,618 "," 2,838 "
 總　　計 , 男 ," 11,684,674 "," 95,153 "," 417,060 "," 122,796 "," 104,333 "," 88,242 "," 101,689 "," 543,718 "," 689,170 "," 809,139 "," 833,182 "," 842,171 "," 1,003,345 "," 952,401 "," 899,869 "," 925,294 "," 923,924 "," 822,075 "," 666,914 "," 378,513 "," 322,248 "," 232,756 "," 182,091 "," 105,360 "," 32,648 "," 6,225 "," 1,418 "
, 女 ," 11,688,843 "," 88,591 "," 386,147 "," 114,499 "," 96,768 "," 81,108 "," 93,772 "," 496,255 "," 630,507 "," 747,813 "," 768,360 "," 808,320 "," 1,010,845 "," 971,681 "," 915,802 "," 931,020 "," 939,840 "," 853,482 "," 707,033 "," 413,650 "," 374,216 "," 290,429 "," 198,069 "," 107,644 "," 39,326 "," 8,393 "," 1,420 "
, 計 ," 3,954,929 "," 32,056 "," 131,414 "," 40,247 "," 32,735 "," 26,852 "," 31,580 "," 171,155 "," 209,940 "," 256,414 "," 278,139 "," 290,967 "," 359,907 "," 343,281 "," 315,516 "," 320,950 "," 330,332 "," 299,991 "," 239,984 "," 127,452 "," 98,371 "," 64,030 "," 45,438 "," 26,929 "," 9,859 "," 2,209 ", 595 
 新 北 市 , 男 ," 1,950,060 "," 16,637 "," 68,369 "," 20,788 "," 17,133 "," 14,032 "," 16,416 "," 89,532 "," 109,407 "," 132,696 "," 145,371 "," 147,239 "," 178,288 "," 168,594 "," 154,560 "," 152,872 "," 155,890 "," 140,919 "," 113,143 "," 60,462 "," 45,088 "," 27,929 "," 22,705 "," 13,991 "," 4,965 "," 1,071 ", 332 
, 女 ," 2,004,869 "," 15,419 "," 63,045 "," 19,459 "," 15,602 "," 12,820 "," 15,164 "," 81,623 "," 100,533 "," 123,718 "," 132,768 "," 143,728 "," 181,619 "," 174,687 "," 160,956 "," 168,078 "," 174,442 "," 159,072 "," 126,841 "," 66,990 "," 53,283 "," 36,101 "," 22,733 "," 12,938 "," 4,894 "," 1,138 ", 263 
, 計 ," 2,686,516 "," 25,637 "," 110,454 "," 33,475 "," 29,187 "," 23,276 "," 24,516 "," 110,797 "," 136,713 "," 153,991 "," 151,106 "," 164,894 "," 226,155 "," 222,689 "," 210,511 "," 210,737 "," 212,115 "," 205,948 "," 182,164 "," 108,656 "," 89,016 "," 64,714 "," 50,666 "," 32,889 "," 13,005 "," 2,965 ", 694 
 臺 北 市 , 男 ," 1,289,945 "," 13,220 "," 56,947 "," 17,262 "," 14,931 "," 12,100 "," 12,654 "," 57,925 "," 71,323 "," 79,938 "," 78,179 "," 81,112 "," 105,983 "," 103,395 "," 97,003 "," 97,756 "," 99,013 "," 96,264 "," 84,867 "," 50,339 "," 39,349 "," 27,534 "," 24,534 "," 16,688 "," 6,705 "," 1,471 ", 400 
, 女 ," 1,396,571 "," 12,417 "," 53,507 "," 16,213 "," 14,256 "," 11,176 "," 11,862 "," 52,872 "," 65,390 "," 74,053 "," 72,927 "," 83,782 "," 120,172 "," 119,294 "," 113,508 "," 112,981 "," 113,102 "," 109,684 "," 97,297 "," 58,317 "," 49,667 "," 37,180 "," 26,132 "," 16,201 "," 6,300 "," 1,494 ", 294 
, 計 ," 2,701,661 "," 22,677 "," 100,013 "," 29,597 "," 25,014 "," 20,902 "," 24,500 "," 132,889 "," 169,264 "," 197,375 "," 197,554 "," 201,457 "," 240,364 "," 224,665 "," 212,832 "," 216,863 "," 209,549 "," 180,547 "," 141,996 "," 78,704 "," 66,328 "," 47,696 "," 34,433 "," 19,095 "," 5,986 "," 1,184 ", 190 
 臺 中 市 , 男 ," 1,339,733 "," 11,722 "," 52,030 "," 15,308 "," 12,981 "," 10,917 "," 12,824 "," 69,032 "," 88,096 "," 102,638 "," 102,432 "," 102,481 "," 119,321 "," 109,206 "," 101,822 "," 104,309 "," 101,258 "," 87,438 "," 68,641 "," 37,359 "," 30,529 "," 21,183 "," 16,839 "," 10,078 "," 2,790 ", 461 , 68 
, 女 ," 1,361,928 "," 10,955 "," 47,983 "," 14,289 "," 12,033 "," 9,985 "," 11,676 "," 63,857 "," 81,168 "," 94,737 "," 95,122 "," 98,976 "," 121,043 "," 115,459 "," 111,010 "," 112,554 "," 108,291 "," 93,109 "," 73,355 "," 41,345 "," 35,799 "," 26,513 "," 17,594 "," 9,017 "," 3,196 ", 723 , 122 
, 計 ," 1,883,208 "," 13,688 "," 60,666 "," 18,059 "," 14,851 "," 12,567 "," 15,189 "," 78,432 "," 100,315 "," 120,529 "," 128,051 "," 136,357 "," 163,327 "," 152,547 "," 141,366 "," 151,061 "," 156,605 "," 138,824 "," 111,613 "," 63,959 "," 58,466 "," 48,149 "," 34,410 "," 17,858 "," 5,700 "," 1,141 ", 144 
 臺 南 市 , 男 ," 944,555 "," 7,019 "," 31,606 "," 9,372 "," 7,789 "," 6,626 "," 7,819 "," 40,818 "," 52,357 "," 62,817 "," 66,184 "," 69,606 "," 82,151 "," 76,404 "," 69,909 "," 75,449 "," 78,906 "," 70,079 "," 55,774 "," 30,799 "," 27,054 "," 21,299 "," 15,571 "," 8,054 "," 2,230 ", 404 , 65 
, 女 ," 938,653 "," 6,669 "," 29,060 "," 8,687 "," 7,062 "," 5,941 "," 7,370 "," 37,614 "," 47,958 "," 57,712 "," 61,867 "," 66,751 "," 81,176 "," 76,143 "," 71,457 "," 75,612 "," 77,699 "," 68,745 "," 55,839 "," 33,160 "," 31,412 "," 26,850 "," 18,839 "," 9,804 "," 3,470 ", 737 , 79 
, 計 ," 2,779,877 "," 20,016 "," 87,001 "," 25,628 "," 21,598 "," 18,189 "," 21,586 "," 115,910 "," 149,718 "," 179,681 "," 186,356 "," 194,695 "," 239,925 "," 236,679 "," 222,602 "," 223,413 "," 222,641 "," 208,226 "," 176,780 "," 101,402 "," 84,067 "," 59,258 "," 40,778 "," 22,539 "," 6,829 "," 1,180 ", 181 
 高 雄 市 , 男 ," 1,385,895 "," 10,250 "," 44,982 "," 13,228 "," 11,276 "," 9,333 "," 11,145 "," 60,402 "," 77,849 "," 93,165 "," 96,770 "," 99,781 "," 119,776 "," 117,252 "," 110,492 "," 111,750 "," 109,162 "," 100,227 "," 84,349 "," 48,300 "," 38,925 "," 26,302 "," 20,388 "," 11,937 "," 3,233 ", 506 , 97 
, 女 ," 1,393,982 "," 9,766 "," 42,019 "," 12,400 "," 10,322 "," 8,856 "," 10,441 "," 55,508 "," 71,869 "," 86,516 "," 89,586 "," 94,914 "," 120,149 "," 119,427 "," 112,110 "," 111,663 "," 113,479 "," 107,999 "," 92,431 "," 53,102 "," 45,142 "," 32,956 "," 20,390 "," 10,602 "," 3,596 ", 674 , 84 
, 計 ," 9,234,448 "," 68,317 "," 308,639 "," 88,703 "," 76,426 "," 66,502 "," 77,008 "," 426,627 "," 549,052 "," 640,545 "," 649,240 "," 651,629 "," 773,529 "," 733,998 "," 702,438 "," 721,786 "," 721,057 "," 631,033 "," 514,005 "," 307,715 "," 296,729 "," 236,268 "," 172,426 "," 92,566 "," 30,086 "," 5,786 ", 977 
 臺 灣 省 , 男 ," 4,706,876 "," 35,598 "," 160,537 "," 46,042 "," 39,521 "," 34,684 "," 40,290 "," 223,833 "," 287,684 "," 333,664 "," 338,642 "," 336,671 "," 392,452 "," 372,537 "," 360,616 "," 377,114 "," 373,682 "," 321,384 "," 256,308 "," 149,003 "," 139,511 "," 106,946 "," 81,185 "," 44,246 "," 12,556 "," 2,271 ", 436 
, 女 ," 4,527,572 "," 32,719 "," 148,102 "," 42,661 "," 36,905 "," 31,818 "," 36,718 "," 202,794 "," 261,368 "," 306,881 "," 310,598 "," 314,958 "," 381,077 "," 361,461 "," 341,822 "," 344,672 "," 347,375 "," 309,649 "," 257,697 "," 158,712 "," 157,218 "," 129,322 "," 91,241 "," 48,320 "," 17,530 "," 3,515 ", 541 
, 計 ," 458,456 "," 3,217 "," 14,057 "," 3,936 "," 3,452 "," 3,120 "," 3,549 "," 19,240 "," 25,602 "," 32,317 "," 33,749 "," 32,579 "," 36,231 "," 33,771 "," 34,371 "," 36,244 "," 36,763 "," 32,203 "," 26,038 "," 15,367 "," 17,043 "," 13,502 "," 9,329 "," 4,848 "," 1,606 ", 328 , 51 
 宜 蘭 縣 , 男 ," 233,000 "," 1,702 "," 7,327 "," 2,073 "," 1,811 "," 1,581 "," 1,862 "," 10,003 "," 13,402 "," 16,809 "," 17,565 "," 16,872 "," 18,521 "," 17,088 "," 17,649 "," 18,832 "," 18,828 "," 16,269 "," 12,947 "," 7,517 "," 8,116 "," 6,236 "," 4,316 "," 2,242 ", 621 , 116 , 22 
, 女 ," 225,456 "," 1,515 "," 6,730 "," 1,863 "," 1,641 "," 1,539 "," 1,687 "," 9,237 "," 12,200 "," 15,508 "," 16,184 "," 15,707 "," 17,710 "," 16,683 "," 16,722 "," 17,412 "," 17,935 "," 15,934 "," 13,091 "," 7,850 "," 8,927 "," 7,266 "," 5,013 "," 2,606 ", 985 , 212 , 29 
, 計 ," 2,044,023 "," 15,477 "," 75,131 "," 20,912 "," 18,739 "," 16,150 "," 19,330 "," 108,230 "," 134,820 "," 151,819 "," 148,790 "," 145,434 "," 180,173 "," 175,762 "," 168,376 "," 165,968 "," 157,200 "," 133,460 "," 101,523 "," 55,177 "," 45,145 "," 31,955 "," 26,868 "," 16,597 "," 4,960 ", 977 , 181 
 桃 園 縣 , 男 ," 1,026,657 "," 8,096 "," 38,963 "," 10,756 "," 9,708 "," 8,385 "," 10,114 "," 56,775 "," 70,583 "," 79,227 "," 77,980 "," 74,838 "," 89,556 "," 86,766 "," 82,956 "," 81,801 "," 77,311 "," 64,779 "," 48,123 "," 25,596 "," 20,209 "," 14,011 "," 15,688 "," 10,233 "," 2,624 ", 456 , 86 
, 女 ," 1,017,366 "," 7,381 "," 36,168 "," 10,156 "," 9,031 "," 7,765 "," 9,216 "," 51,455 "," 64,237 "," 72,592 "," 70,810 "," 70,596 "," 90,617 "," 88,996 "," 85,420 "," 84,167 "," 79,889 "," 68,681 "," 53,400 "," 29,581 "," 24,936 "," 17,944 "," 11,180 "," 6,364 "," 2,336 ", 521 , 95 
, 計 ," 530,486 "," 5,153 "," 23,804 "," 6,711 "," 5,910 "," 5,051 "," 6,132 "," 30,614 "," 33,890 "," 37,555 "," 36,524 "," 34,150 "," 45,588 "," 47,716 "," 43,810 "," 40,443 "," 37,617 "," 30,651 "," 24,127 "," 14,848 "," 15,746 "," 12,542 "," 8,706 "," 4,968 "," 1,604 ", 376 , 54 
 新 竹 縣 , 男 ," 271,904 "," 2,633 "," 12,313 "," 3,395 "," 3,054 "," 2,637 "," 3,227 "," 16,041 "," 17,747 "," 19,603 "," 19,138 "," 17,428 "," 22,365 "," 23,759 "," 22,712 "," 21,324 "," 19,962 "," 15,977 "," 12,228 "," 7,387 "," 7,723 "," 6,017 "," 4,307 "," 2,400 ", 677 , 147 , 16 
, 女 ," 258,582 "," 2,520 "," 11,491 "," 3,316 "," 2,856 "," 2,414 "," 2,905 "," 14,573 "," 16,143 "," 17,952 "," 17,386 "," 16,722 "," 23,223 "," 23,957 "," 21,098 "," 19,119 "," 17,655 "," 14,674 "," 11,899 "," 7,461 "," 8,023 "," 6,525 "," 4,399 "," 2,568 ", 927 , 229 , 38 
, 計 ," 565,554 "," 5,157 "," 20,387 "," 6,374 "," 5,233 "," 4,144 "," 4,636 "," 25,581 "," 31,919 "," 37,598 "," 40,795 "," 41,460 "," 48,383 "," 42,287 "," 40,507 "," 41,245 "," 43,725 "," 37,967 "," 31,141 "," 19,402 "," 20,014 "," 16,601 "," 12,178 "," 6,472 "," 2,224 ", 459 , 52 
 苗 栗 縣 , 男 ," 292,024 "," 2,656 "," 10,538 "," 3,296 "," 2,678 "," 2,151 "," 2,413 "," 13,518 "," 16,901 "," 19,633 "," 21,097 "," 21,100 "," 24,667 "," 21,938 "," 21,637 "," 22,136 "," 23,239 "," 20,014 "," 15,921 "," 9,701 "," 9,933 "," 7,914 "," 5,596 "," 2,840 ", 854 , 169 , 22 
, 女 ," 273,530 "," 2,501 "," 9,849 "," 3,078 "," 2,555 "," 1,993 "," 2,223 "," 12,063 "," 15,018 "," 17,965 "," 19,698 "," 20,360 "," 23,716 "," 20,349 "," 18,870 "," 19,109 "," 20,486 "," 17,953 "," 15,220 "," 9,701 "," 10,081 "," 8,687 "," 6,582 "," 3,632 "," 1,370 ", 290 , 30 
, 計 ," 1,296,013 "," 10,361 "," 44,800 "," 13,416 "," 11,135 "," 9,372 "," 10,877 "," 59,216 "," 77,178 "," 89,094 "," 93,617 "," 99,801 "," 113,882 "," 101,406 "," 90,060 "," 94,272 "," 97,607 "," 87,139 "," 71,529 "," 43,530 "," 43,208 "," 36,031 "," 25,482 "," 12,687 "," 4,277 ", 733 , 103 
 彰 化 縣 , 男 ," 663,500 "," 5,453 "," 23,332 "," 7,007 "," 5,700 "," 4,901 "," 5,724 "," 31,099 "," 40,608 "," 46,482 "," 49,110 "," 51,971 "," 58,307 "," 52,441 "," 46,887 "," 49,349 "," 50,783 "," 44,986 "," 36,251 "," 21,669 "," 20,854 "," 16,310 "," 10,961 "," 5,023 "," 1,384 ", 209 , 31 
, 女 ," 632,513 "," 4,908 "," 21,468 "," 6,409 "," 5,435 "," 4,471 "," 5,153 "," 28,117 "," 36,570 "," 42,612 "," 44,507 "," 47,830 "," 55,575 "," 48,965 "," 43,173 "," 44,923 "," 46,824 "," 42,153 "," 35,278 "," 21,861 "," 22,354 "," 19,721 "," 14,521 "," 7,664 "," 2,893 ", 524 , 72 
, 計 ," 517,222 "," 3,175 "," 14,562 "," 4,200 "," 3,562 "," 3,253 "," 3,547 "," 20,987 "," 28,771 "," 35,335 "," 37,061 "," 36,987 "," 41,008 "," 36,144 "," 36,619 "," 40,410 "," 42,904 "," 37,883 "," 31,435 "," 19,310 "," 19,296 "," 15,810 "," 11,368 "," 5,895 "," 1,849 ", 373 , 40 
 南 投 縣 , 男 ," 265,474 "," 1,638 "," 7,563 "," 2,191 "," 1,823 "," 1,696 "," 1,853 "," 10,812 "," 15,026 "," 18,174 "," 19,346 "," 19,302 "," 21,481 "," 18,713 "," 19,001 "," 21,420 "," 22,469 "," 19,668 "," 16,176 "," 9,549 "," 9,220 "," 7,338 "," 5,116 "," 2,580 ", 733 , 134 , 15 
, 女 ," 251,748 "," 1,537 "," 6,999 "," 2,009 "," 1,739 "," 1,557 "," 1,694 "," 10,175 "," 13,745 "," 17,161 "," 17,715 "," 17,685 "," 19,527 "," 17,431 "," 17,618 "," 18,990 "," 20,435 "," 18,215 "," 15,259 "," 9,761 "," 10,076 "," 8,472 "," 6,252 "," 3,315 "," 1,116 ", 239 , 25 
, 計 ," 707,792 "," 4,647 "," 21,354 "," 6,179 "," 5,240 "," 4,612 "," 5,323 "," 29,990 "," 40,522 "," 45,732 "," 44,887 "," 48,637 "," 57,794 "," 54,623 "," 50,756 "," 53,726 "," 53,911 "," 47,715 "," 41,869 "," 28,501 "," 29,811 "," 24,635 "," 17,218 "," 8,342 "," 2,580 ", 475 , 67 
 雲 林 縣 , 男 ," 368,457 "," 2,367 "," 11,229 "," 3,253 "," 2,729 "," 2,439 "," 2,808 "," 15,898 "," 21,246 "," 24,090 "," 23,478 "," 25,063 "," 29,689 "," 28,696 "," 27,796 "," 30,610 "," 30,153 "," 25,708 "," 22,155 "," 14,080 "," 14,111 "," 10,950 "," 7,047 "," 3,146 ", 799 , 133 , 13 
, 女 ," 339,335 "," 2,280 "," 10,125 "," 2,926 "," 2,511 "," 2,173 "," 2,515 "," 14,092 "," 19,276 "," 21,642 "," 21,409 "," 23,574 "," 28,105 "," 25,927 "," 22,960 "," 23,116 "," 23,758 "," 22,007 "," 19,714 "," 14,421 "," 15,700 "," 13,685 "," 10,171 "," 5,196 "," 1,781 ", 342 , 54 
, 計 ," 529,229 "," 2,888 "," 13,705 "," 3,920 "," 3,388 "," 2,988 "," 3,409 "," 19,509 "," 27,252 "," 33,891 "," 35,309 "," 36,131 "," 40,591 "," 37,985 "," 38,131 "," 42,179 "," 44,132 "," 37,986 "," 32,581 "," 20,766 "," 22,329 "," 19,690 "," 14,430 "," 7,005 "," 2,235 ", 442 , 62 
 嘉 義 縣 , 男 ," 275,686 "," 1,511 "," 7,170 "," 2,052 "," 1,743 "," 1,546 "," 1,829 "," 10,205 "," 14,331 "," 17,645 "," 18,341 "," 18,902 "," 21,165 "," 19,899 "," 20,590 "," 23,833 "," 24,767 "," 20,770 "," 17,166 "," 10,216 "," 10,438 "," 8,822 "," 6,141 "," 2,838 ", 769 , 150 , 17 
, 女 ," 253,543 "," 1,377 "," 6,535 "," 1,868 "," 1,645 "," 1,442 "," 1,580 "," 9,304 "," 12,921 "," 16,246 "," 16,968 "," 17,229 "," 19,426 "," 18,086 "," 17,541 "," 18,346 "," 19,365 "," 17,216 "," 15,415 "," 10,550 "," 11,891 "," 10,868 "," 8,289 "," 4,167 "," 1,466 ", 292 , 45 
, 計 ," 852,286 "," 4,778 "," 22,529 "," 6,495 "," 5,430 "," 4,963 "," 5,641 "," 33,473 "," 46,269 "," 58,592 "," 59,274 "," 59,909 "," 68,229 "," 64,698 "," 63,093 "," 68,640 "," 70,323 "," 63,496 "," 53,612 "," 32,431 "," 30,749 "," 24,453 "," 16,771 "," 7,957 "," 2,510 ", 419 , 81 
 屏 東 縣 , 男 ," 437,086 "," 2,473 "," 11,822 "," 3,467 "," 2,789 "," 2,650 "," 2,916 "," 17,576 "," 24,037 "," 30,591 "," 30,591 "," 31,160 "," 35,477 "," 33,673 "," 32,758 "," 36,454 "," 36,664 "," 32,049 "," 26,956 "," 15,878 "," 14,796 "," 11,411 "," 7,725 "," 3,751 "," 1,039 ", 164 , 41 
, 女 ," 415,200 "," 2,305 "," 10,707 "," 3,028 "," 2,641 "," 2,313 "," 2,725 "," 15,897 "," 22,232 "," 28,001 "," 28,683 "," 28,749 "," 32,752 "," 31,025 "," 30,335 "," 32,186 "," 33,659 "," 31,447 "," 26,656 "," 16,553 "," 15,953 "," 13,042 "," 9,046 "," 4,206 "," 1,471 ", 255 , 40 
, 計 ," 224,821 "," 1,585 "," 6,958 "," 1,945 "," 1,752 "," 1,563 "," 1,698 "," 9,678 "," 12,593 "," 15,091 "," 15,254 "," 14,896 "," 17,174 "," 16,695 "," 17,687 "," 18,264 "," 18,265 "," 16,290 "," 13,565 "," 8,416 "," 7,921 "," 6,284 "," 4,485 "," 2,608 ", 904 , 173 , 35 
 臺 東 縣 , 男 ," 116,883 ", 849 ," 3,594 "," 1,034 ", 878 , 800 , 882 ," 5,120 "," 6,567 "," 7,823 "," 8,014 "," 7,910 "," 9,094 "," 8,875 "," 9,631 "," 10,149 "," 9,784 "," 8,377 "," 6,567 "," 4,006 "," 3,636 "," 2,801 "," 2,127 "," 1,392 ", 459 , 87 , 21 
, 女 ," 107,938 ", 736 ," 3,364 ", 911 , 874 , 763 , 816 ," 4,558 "," 6,026 "," 7,268 "," 7,240 "," 6,986 "," 8,080 "," 7,820 "," 8,056 "," 8,115 "," 8,481 "," 7,913 "," 6,998 "," 4,410 "," 4,285 "," 3,483 "," 2,358 "," 1,216 ", 445 , 86 , 14 
, 計 ," 333,897 "," 2,585 "," 10,315 "," 2,916 "," 2,580 "," 2,327 "," 2,492 "," 13,842 "," 18,330 "," 22,932 "," 23,348 "," 22,497 "," 26,386 "," 25,232 "," 25,357 "," 26,265 "," 26,867 "," 25,259 "," 20,565 "," 12,491 "," 11,245 "," 8,582 "," 6,317 "," 3,814 "," 1,343 ", 255 , 70 
 花 蓮 縣 , 男 ," 171,016 "," 1,338 "," 5,433 "," 1,523 "," 1,384 "," 1,218 "," 1,308 "," 7,239 "," 9,580 "," 11,865 "," 12,014 "," 11,775 "," 13,834 "," 13,066 "," 13,060 "," 13,975 "," 13,759 "," 12,835 "," 10,143 "," 5,895 "," 5,183 "," 3,823 "," 3,152 "," 2,152 ", 703 , 144 , 48 
, 女 ," 162,881 "," 1,247 "," 4,882 "," 1,393 "," 1,196 "," 1,109 "," 1,184 "," 6,603 "," 8,750 "," 11,067 "," 11,334 "," 10,722 "," 12,552 "," 12,166 "," 12,297 "," 12,290 "," 13,108 "," 12,424 "," 10,422 "," 6,596 "," 6,062 "," 4,759 "," 3,165 "," 1,662 ", 640 , 111 , 22 
, 計 ," 100,400 ", 827 ," 3,150 ", 998 , 815 , 647 , 690 ," 3,521 "," 4,777 "," 6,531 "," 7,815 "," 7,411 "," 8,469 "," 8,066 "," 7,417 "," 7,797 "," 7,688 "," 6,849 "," 5,715 "," 3,519 "," 3,227 "," 3,112 "," 2,561 "," 1,331 ", 525 , 80 , 12 
 澎 湖 縣 , 男 ," 51,711 ", 437 ," 1,609 ", 523 , 400 , 339 , 347 ," 1,821 "," 2,550 "," 3,410 "," 4,112 "," 3,830 "," 4,239 "," 4,132 "," 3,947 "," 4,258 "," 4,136 "," 3,690 "," 2,845 "," 1,684 "," 1,551 "," 1,461 "," 1,179 ", 587 , 199 , 30 , 4 
, 女 ," 48,689 ", 390 ," 1,541 ", 475 , 415 , 308 , 343 ," 1,700 "," 2,227 "," 3,121 "," 3,703 "," 3,581 "," 4,230 "," 3,934 "," 3,470 "," 3,539 "," 3,552 "," 3,159 "," 2,870 "," 1,835 "," 1,676 "," 1,651 "," 1,382 ", 744 , 326 , 50 , 8 
, 計 ," 374,914 "," 1,988 "," 8,852 "," 2,422 "," 1,975 "," 2,025 "," 2,430 "," 14,476 "," 20,161 "," 25,560 "," 27,075 "," 25,490 "," 28,702 "," 28,437 "," 29,716 "," 32,053 "," 33,169 "," 29,961 "," 24,332 "," 12,526 "," 12,066 "," 8,811 "," 6,194 "," 3,715 "," 1,290 ", 269 , 71 
 基 隆 市 , 男 ," 188,649 "," 1,043 "," 4,530 "," 1,238 ", 999 ," 1,052 "," 1,241 "," 7,573 "," 10,543 "," 13,304 "," 14,207 "," 13,314 "," 14,814 "," 14,297 "," 14,865 "," 16,193 "," 16,730 "," 14,761 "," 11,760 "," 5,927 "," 5,467 "," 3,773 "," 2,916 "," 1,845 ", 613 , 136 , 38 
, 女 ," 186,265 ", 945 ," 4,322 "," 1,184 ", 976 , 973 ," 1,189 "," 6,903 "," 9,618 "," 12,256 "," 12,868 "," 12,176 "," 13,888 "," 14,140 "," 14,851 "," 15,860 "," 16,439 "," 15,200 "," 12,572 "," 6,599 "," 6,599 "," 5,038 "," 3,278 "," 1,870 ", 677 , 133 , 33 
, 計 ," 428,483 "," 4,666 "," 20,728 "," 6,062 "," 5,190 "," 4,416 "," 5,060 "," 24,888 "," 27,997 "," 28,439 "," 27,350 "," 27,952 "," 39,602 "," 39,780 "," 35,567 "," 32,691 "," 30,245 "," 25,832 "," 20,714 "," 12,180 "," 10,642 "," 7,755 "," 5,944 "," 3,805 "," 1,371 ", 261 , 74 
 新 竹 市 , 男 ," 212,183 "," 2,447 "," 10,779 "," 3,098 "," 2,737 "," 2,310 "," 2,634 "," 13,094 "," 14,663 "," 14,689 "," 14,064 "," 13,914 "," 18,800 "," 19,273 "," 17,391 "," 16,367 "," 15,071 "," 12,548 "," 9,849 "," 5,603 "," 4,601 "," 3,291 "," 2,855 "," 2,005 ", 700 , 131 , 48 
, 女 ," 216,300 "," 2,219 "," 9,949 "," 2,964 "," 2,453 "," 2,106 "," 2,426 "," 11,794 "," 13,334 "," 13,750 "," 13,286 "," 14,038 "," 20,802 "," 20,507 "," 18,176 "," 16,324 "," 15,174 "," 13,284 "," 10,865 "," 6,577 "," 6,041 "," 4,464 "," 3,089 "," 1,800 ", 671 , 130 , 26 
, 計 ," 270,872 "," 1,813 "," 8,307 "," 2,217 "," 2,025 "," 1,871 "," 2,194 "," 13,382 "," 18,971 "," 20,059 "," 18,392 "," 18,295 "," 21,317 "," 21,396 "," 20,971 "," 21,589 "," 20,641 "," 18,342 "," 15,259 "," 9,251 "," 8,287 "," 6,505 "," 4,575 "," 2,522 ", 808 , 166 , 24 
 嘉 義 市 , 男 ," 132,646 ", 955 ," 4,335 "," 1,136 "," 1,088 ", 979 ," 1,132 "," 7,059 "," 9,900 "," 10,319 "," 9,585 "," 9,292 "," 10,443 "," 9,921 "," 9,736 "," 10,413 "," 10,026 "," 8,953 "," 7,221 "," 4,295 "," 3,673 "," 2,788 "," 2,059 "," 1,212 ", 382 , 65 , 14 
, 女 ," 138,226 ", 858 ," 3,972 "," 1,081 ", 937 , 892 ," 1,062 "," 6,323 "," 9,071 "," 9,740 "," 8,807 "," 9,003 "," 10,874 "," 11,475 "," 11,235 "," 11,176 "," 10,615 "," 9,389 "," 8,038 "," 4,956 "," 4,614 "," 3,717 "," 2,516 "," 1,310 ", 426 , 101 , 10 
, 計 ," 132,878 "," 1,353 "," 5,020 "," 1,586 "," 1,290 "," 1,062 "," 1,082 "," 4,163 "," 4,675 "," 8,417 "," 11,096 "," 10,492 "," 10,983 "," 10,223 "," 10,406 "," 11,504 "," 11,465 "," 10,988 "," 7,405 "," 4,275 "," 3,487 "," 3,070 "," 2,009 "," 1,128 ", 509 , 153 , 57 
 福 建 省 , 男 ," 67,610 ", 707 ," 2,589 ", 796 , 702 , 550 , 541 ," 2,176 "," 2,454 "," 4,221 "," 5,604 "," 5,281 "," 5,374 "," 5,013 "," 5,467 "," 6,044 "," 6,013 "," 5,764 "," 3,832 "," 2,251 "," 1,792 "," 1,563 ", 869 , 366 , 169 , 41 , 20 
, 女 ," 65,268 ", 646 ," 2,431 ", 790 , 588 , 512 , 541 ," 1,987 "," 2,221 "," 4,196 "," 5,492 "," 5,211 "," 5,609 "," 5,210 "," 4,939 "," 5,460 "," 5,452 "," 5,224 "," 3,573 "," 2,024 "," 1,695 "," 1,507 "," 1,140 ", 762 , 340 , 112 , 37 
, 計 ," 120,713 "," 1,210 "," 4,529 "," 1,440 "," 1,145 ", 973 , 971 ," 3,717 "," 4,152 "," 7,689 "," 10,225 "," 9,589 "," 9,897 "," 9,174 "," 9,398 "," 10,500 "," 10,352 "," 9,970 "," 6,757 "," 3,875 "," 3,262 "," 2,874 "," 1,853 "," 1,039 ", 458 , 139 , 54 
 金 門 縣 , 男 ," 60,687 ", 632 ," 2,330 ", 723 , 626 , 505 , 476 ," 1,932 "," 2,169 "," 3,820 "," 5,085 "," 4,775 "," 4,782 "," 4,425 "," 4,875 "," 5,426 "," 5,336 "," 5,174 "," 3,440 "," 2,018 "," 1,661 "," 1,470 ", 807 , 327 , 150 , 35 , 18 
, 女 ," 60,026 ", 578 ," 2,199 ", 717 , 519 , 468 , 495 ," 1,785 "," 1,983 "," 3,869 "," 5,140 "," 4,814 "," 5,115 "," 4,749 "," 4,523 "," 5,074 "," 5,016 "," 4,796 "," 3,317 "," 1,857 "," 1,601 "," 1,404 "," 1,046 ", 712 , 308 , 104 , 36 
, 計 ," 12,165 ", 143 , 491 , 146 , 145 , 89 , 111 , 446 , 523 , 728 , 871 , 903 ," 1,086 "," 1,049 "," 1,008 "," 1,004 "," 1,113 "," 1,018 ", 648 , 400 , 225 , 196 , 156 , 89 , 51 , 14 , 3 
 連 江 縣 , 男 ," 6,923 ", 75 , 259 , 73 , 76 , 45 , 65 , 244 , 285 , 401 , 519 , 506 , 592 , 588 , 592 , 618 , 677 , 590 , 392 , 233 , 131 , 93 , 62 , 39 , 19 , 6 , 2 
, 女 ," 5,242 ", 68 , 232 , 73 , 69 , 44 , 46 , 202 , 238 , 327 , 352 , 397 , 494 , 461 , 416 , 386 , 436 , 428 , 256 , 167 , 94 , 103 , 94 , 50 , 32 , 8 , 1 
,,,,,,,,,,,,,,,,,,,,,,,,,,,,內政部戶政司103年1月8日編製
          ,,,,,,,,,,,,,,,,,,,,,,,,,,,,
           ,,,,,,,,,,,,,,,,,,,,,,,,,,,,
